ingredient,form,old_bio_score,new_bio_score,delta,old_tier,new_tier,products_using_this_form,prior_evidence_reference,absorption_claim_being_withdrawn,downgrade_reason,clinician_verdict_(11_ok / raise_to / lower_to),clinician_notes
molybdenum,sodium molybdate,12,11,-1,Excellent,Good,342,NONE,88-93%,"No exact-form, exact-strain, or reviewed class-equivalence source met the Excellent evidence contract.",,
potassium,potassium chloride,12,11,-1,Excellent,Good,201,NONE,~90%,"No exact-form, exact-strain, or reviewed class-equivalence source met the Excellent evidence contract.",,
potassium,potassium citrate,13,11,-2,Excellent,Good,130,NONE,~90-94%,"No exact-form, exact-strain, or reviewed class-equivalence source met the Excellent evidence contract.",,
l_tyrosine,l-tyrosine powder,14,11,-3,Excellent,Good,89,NONE,very good (~75-90% via LNAA transporter),"No exact-form, exact-strain, or reviewed class-equivalence source met the Excellent evidence contract.",,
zinc,zinc amino acid chelate,12,11,-1,Excellent,Good,78,inline PMID/DOI,generic chelate; bisglycinate-class estimate,"No exact-form, exact-strain, or reviewed class-equivalence source met the Excellent evidence contract.",,
huperzine_a,huperzine a (unspecified),12,11,-1,Excellent,Good,64,inline PMID/DOI,~96% absolute oral bioavailability in humans (PMID 9421157),"No exact-form, exact-strain, or reviewed class-equivalence source met the Excellent evidence contract.",,
molybdenum,molybdenum glycinate,12,11,-1,Excellent,Good,51,NONE,88-93% (estimated),"No exact-form, exact-strain, or reviewed class-equivalence source met the Excellent evidence contract.",,
paba,paba powder,12,11,-1,Excellent,Good,42,NONE,good (~70-80%),"No exact-form, exact-strain, or reviewed class-equivalence source met the Excellent evidence contract.",,
l_lysine,l-lysine hcl,12,11,-1,Excellent,Good,37,NONE,~60-80% systemic (20-40% first-pass splanchnic),"No exact-form, exact-strain, or reviewed class-equivalence source met the Excellent evidence contract.",,
selenium,selenium-methyl L-selenocysteine,13,11,-2,Excellent,Good,35,inline PMID/DOI,"organic Se; absorption comparable to selenomethionine, retained as MeSeCys pool","No exact-form, exact-strain, or reviewed class-equivalence source met the Excellent evidence contract.",,
vitamin_c,ester-C (calcium ascorbate),14,11,-3,Excellent,Good,32,NONE,80%,"No exact-form, exact-strain, or reviewed class-equivalence source met the Excellent evidence contract.",,
inulin,inulin (unspecified),12,11,-1,Excellent,Good,31,inline PMID/DOI,non-digestible β(2→1) fructan; colonic fermentation to SCFA; not systemically absorbed intact,"No exact-form, exact-strain, or reviewed class-equivalence source met the Excellent evidence contract.",,
vitamin_c,sodium ascorbate,13,11,-2,Excellent,Good,29,NONE,78%,"No exact-form, exact-strain, or reviewed class-equivalence source met the Excellent evidence contract.",,
l_histidine,l-histidine standard,12,11,-1,Excellent,Good,29,NONE,excellent (~90%),"No exact-form, exact-strain, or reviewed class-equivalence source met the Excellent evidence contract.",,
l_threonine,l-threonine powder,12,11,-1,Excellent,Good,28,NONE,good (~80-90%; significant first-pass gut mucosal utilization),"No exact-form, exact-strain, or reviewed class-equivalence source met the Excellent evidence contract.",,
calcium,calcium citrate malate,14,11,-3,Excellent,Good,27,NONE,42%,"No exact-form, exact-strain, or reviewed class-equivalence source met the Excellent evidence contract.",,
l_proline,l-proline powder,12,11,-1,Excellent,Good,25,NONE,~55-70% systemic (40% mucosal catabolism),"No exact-form, exact-strain, or reviewed class-equivalence source met the Excellent evidence contract.",,
krill_oil,standard krill oil,13,11,-2,Excellent,Good,23,inline PMID/DOI,krill PL: F~0.7-0.97 with fat; equivalent to fish-TG at matched dose (Yurko-Mauro 2015),"No exact-form, exact-strain, or reviewed class-equivalence source met the Excellent evidence contract.",,
molybdenum,molybdenum aspartate,12,11,-1,Excellent,Good,21,NONE,88-93% (estimated; high bioavailability class for soluble Mo chelates),"No exact-form, exact-strain, or reviewed class-equivalence source met the Excellent evidence contract.",,
5_htp,5-htp (unspecified),14,11,-3,Excellent,Good,19,inline PMID/DOI,aromatic AA decarboxylase substrate; oral F mean 69.2% (Magnussen 1980),"No exact-form, exact-strain, or reviewed class-equivalence source met the Excellent evidence contract.",,
bacillus_coagulans,bacillus coagulans (unspecified),12,11,-1,Excellent,Good,19,audit-trail pointer only,good spore survivability; strain not specified,"No exact-form, exact-strain, or reviewed class-equivalence source met the Excellent evidence contract.",,
calcium,calcium malate,13,11,-2,Excellent,Good,18,NONE,40%,"No exact-form, exact-strain, or reviewed class-equivalence source met the Excellent evidence contract.",,
calcium,calcium amino acid chelate,12,11,-1,Excellent,Good,15,NONE,moderate (class-equiv bisglycinate; PK uncertain),"No exact-form, exact-strain, or reviewed class-equivalence source met the Excellent evidence contract.",,
calcium,calcium bis-glycinate,14,11,-3,Excellent,Good,14,NONE,40%,"No exact-form, exact-strain, or reviewed class-equivalence source met the Excellent evidence contract.",,
lactobacillus_acidophilus,lactobacillus acidophilus la-14,13,11,-2,Excellent,Good,14,NONE,high colonization (~80%),"No exact-form, exact-strain, or reviewed class-equivalence source met the Excellent evidence contract.",,
potassium,potassium gluconate,12,11,-1,Excellent,Good,12,NONE,~90%,"No exact-form, exact-strain, or reviewed class-equivalence source met the Excellent evidence contract.",,
l_arginine,l-arginine hcl,12,11,-1,Excellent,Good,11,NONE,~50-70% at 3-6g doses; ~20% at 10g+ (Tangphao 1999),"No exact-form, exact-strain, or reviewed class-equivalence source met the Excellent evidence contract.",,
vitamin_e,mixed tocopherols,12,11,-1,Excellent,Good,11,inline PMID/DOI,"full-spectrum natural; α-form retained via α-TTP, β/γ/δ absorbed but rapidly metabolized","No exact-form, exact-strain, or reviewed class-equivalence source met the Excellent evidence contract.",,
psyllium,psyllium (unspecified),12,11,-1,Excellent,Good,10,NONE,category_error (soluble fiber; not systemically absorbed),"No exact-form, exact-strain, or reviewed class-equivalence source met the Excellent evidence contract.",,
rosemary,rosemary (unspecified),13,11,-2,Excellent,Good,9,NONE,good (rosmarinic + carnosic acid class),"No exact-form, exact-strain, or reviewed class-equivalence source met the Excellent evidence contract.",,
saccharomyces_boulardii,saccharomyces boulardii (unspecified),12,11,-1,Excellent,Good,9,audit-trail pointer only,good organism-level survivability; strain not specified,"No exact-form, exact-strain, or reviewed class-equivalence source met the Excellent evidence contract.",,
boron,calcium fructoborate,13,11,-2,Excellent,Good,8,NONE,excellent (>98%),"No exact-form, exact-strain, or reviewed class-equivalence source met the Excellent evidence contract.",,
l_lysine,l-lysine base,12,11,-1,Excellent,Good,8,NONE,~60-80% systemic (same as HCl once dissolved),"No exact-form, exact-strain, or reviewed class-equivalence source met the Excellent evidence contract.",,
maca,maca (unspecified),12,11,-1,Excellent,Good,8,NONE,good (macamide + glucosinolate class),"No exact-form, exact-strain, or reviewed class-equivalence source met the Excellent evidence contract.",,
holy_basil,holy basil (unspecified),13,11,-2,Excellent,Good,7,NONE,good (eugenol + ursolic acid class),"No exact-form, exact-strain, or reviewed class-equivalence source met the Excellent evidence contract.",,
bacillus_subtilis,bacillus subtilis (unspecified),12,11,-1,Excellent,Good,7,audit-trail pointer only,good spore survivability; strain not specified,"No exact-form, exact-strain, or reviewed class-equivalence source met the Excellent evidence contract.",,
red_wine_extract,red wine extract (unspecified),12,11,-1,Excellent,Good,7,inline PMID/DOI,unknown,"No exact-form, exact-strain, or reviewed class-equivalence source met the Excellent evidence contract.",,
l_glycine,l-glycine powder,13,11,-2,Excellent,Good,6,NONE,~60-85% (dose-dependent hepatic extraction),"No exact-form, exact-strain, or reviewed class-equivalence source met the Excellent evidence contract.",,
mct_oil,mct oil c8/c10,13,11,-2,Excellent,Good,6,NONE,excellent (~95%),"No exact-form, exact-strain, or reviewed class-equivalence source met the Excellent evidence contract.",,
vitamin_d,vitamin D3 from lichen,12,11,-1,Excellent,Good,5,inline PMID/DOI,vegan D3; equivalent to animal-derived D3 in 25(OH)D response,"No exact-form, exact-strain, or reviewed class-equivalence source met the Excellent evidence contract.",,
mct_oil,c10 mct oil (capric acid),13,11,-2,Excellent,Good,4,NONE,excellent (~95%),"No exact-form, exact-strain, or reviewed class-equivalence source met the Excellent evidence contract.",,
vitamin_c,liposomal vitamin C,15,11,-4,Excellent,Good,2,NONE,90-95%,"No exact-form, exact-strain, or reviewed class-equivalence source met the Excellent evidence contract.",,
selenium,selenium glycinate,14,11,-3,Excellent,Good,2,inline PMID/DOI,Albion-patented Se chelate; no published human comparator PK,"No exact-form, exact-strain, or reviewed class-equivalence source met the Excellent evidence contract.",,
pine_bark_extract,pine bark extract (unspecified),12,11,-1,Excellent,Good,2,inline PMID/DOI,poor (OPC/proanthocyanidin class-poor; <5% F),"No exact-form, exact-strain, or reviewed class-equivalence source met the Excellent evidence contract.",,
cla,clarinol,13,11,-2,Excellent,Good,1,NONE,excellent (~85%),"No exact-form, exact-strain, or reviewed class-equivalence source met the Excellent evidence contract.",,
nicotinamide_riboside,nicotinamide riboside (unspecified),13,11,-2,Excellent,Good,1,NONE,unknown,"No exact-form, exact-strain, or reviewed class-equivalence source met the Excellent evidence contract.",,
vitamin_c,potassium ascorbate,13,11,-2,Excellent,Good,1,inline PMID/DOI,"buffered ascorbate salt; dissociates to ascorbate ion, F equivalent to ascorbic acid","No exact-form, exact-strain, or reviewed class-equivalence source met the Excellent evidence contract.",,
alpha_amylase,alpha-amylase enzyme,12,11,-1,Excellent,Good,1,NONE,excellent,"No exact-form, exact-strain, or reviewed class-equivalence source met the Excellent evidence contract.",,
bifidobacterium_bifidum,bifidobacterium bifidum (unspecified),12,11,-1,Excellent,Good,1,NONE,very good,"No exact-form, exact-strain, or reviewed class-equivalence source met the Excellent evidence contract.",,
bifidobacterium_longum,bifidobacterium longum (unspecified),12,11,-1,Excellent,Good,1,NONE,very good,"No exact-form, exact-strain, or reviewed class-equivalence source met the Excellent evidence contract.",,
phosphatidylserine,sunflower phosphatidylserine,12,11,-1,Excellent,Good,1,NONE,good to excellent (well-absorbed; crosses BBB),"No exact-form, exact-strain, or reviewed class-equivalence source met the Excellent evidence contract.",,
bifidobacterium_longum,bifidobacterium longum 35624,15,11,-4,Excellent,Good,0,NONE,excellent colonization (~90%),"No exact-form, exact-strain, or reviewed class-equivalence source met the Excellent evidence contract.",,
bifidobacterium_longum,bifidobacterium longum bb536,15,11,-4,Excellent,Good,0,NONE,excellent colonization (~90%),"No exact-form, exact-strain, or reviewed class-equivalence source met the Excellent evidence contract.",,
branched_chain_amino_acids,bcaa 2:1:1,15,11,-4,Excellent,Good,0,NONE,excellent,"No exact-form, exact-strain, or reviewed class-equivalence source met the Excellent evidence contract.",,
branched_chain_amino_acids,bcaa peptides,15,11,-4,Excellent,Good,0,NONE,superior (faster uptake),"No exact-form, exact-strain, or reviewed class-equivalence source met the Excellent evidence contract.",,
branched_chain_amino_acids,instantized bcaas,15,11,-4,Excellent,Good,0,NONE,excellent (enhanced solubility),"No exact-form, exact-strain, or reviewed class-equivalence source met the Excellent evidence contract.",,
lactobacillus_acidophilus,lactobacillus acidophilus ncfm,15,11,-4,Excellent,Good,0,NONE,excellent colonization (~90%),"No exact-form, exact-strain, or reviewed class-equivalence source met the Excellent evidence contract.",,
lactobacillus_plantarum,lactobacillus plantarum lp299v,15,11,-4,Excellent,Good,0,NONE,excellent colonization (~90%),"No exact-form, exact-strain, or reviewed class-equivalence source met the Excellent evidence contract.",,
manuka_honey,umf 15+ / mgo 514+,15,11,-4,Excellent,Good,0,inline PMID/DOI,manuka MGO acts locally (oral/GI/wound); not systemically absorbed; grade ≠ F,"No exact-form, exact-strain, or reviewed class-equivalence source met the Excellent evidence contract.",,
mct_oil,c8 mct oil (pure caprylic),15,11,-4,Excellent,Good,0,NONE,excellent (~98%),"No exact-form, exact-strain, or reviewed class-equivalence source met the Excellent evidence contract.",,
bacillus_coagulans,bacillus coagulans mtcc 5856,14,11,-3,Excellent,Good,0,NONE,excellent survival,"No exact-form, exact-strain, or reviewed class-equivalence source met the Excellent evidence contract.",,
bacillus_subtilis,bacillus subtilis de111,14,11,-3,Excellent,Good,0,NONE,excellent survival,"No exact-form, exact-strain, or reviewed class-equivalence source met the Excellent evidence contract.",,
bifidobacterium_breve,bifidobacterium breve m-16v,14,11,-3,Excellent,Good,0,NONE,excellent,"No exact-form, exact-strain, or reviewed class-equivalence source met the Excellent evidence contract.",,
black_seed_oil,thymoquinone standardized,14,11,-3,Excellent,Good,0,inline PMID/DOI,thymoquinone lipophilic; no human PK published; animal F ~5-15%,"No exact-form, exact-strain, or reviewed class-equivalence source met the Excellent evidence contract.",,
borage_seed_oil,borage seed oil (unspecified),14,11,-3,Excellent,Good,0,NONE,unknown,"No exact-form, exact-strain, or reviewed class-equivalence source met the Excellent evidence contract.",,
branched_chain_amino_acids,bcaa 4:1:1,14,11,-3,Excellent,Good,0,NONE,excellent,"No exact-form, exact-strain, or reviewed class-equivalence source met the Excellent evidence contract.",,
calamari_oil,calamari oil phospholipid,14,11,-3,Excellent,Good,0,inline PMID/DOI,calamari PL: DHA-rich; class-equivalent to krill PL; no squid-specific PK,"No exact-form, exact-strain, or reviewed class-equivalence source met the Excellent evidence contract.",,
citrus_bergamot,bergamot bpf,14,11,-3,Excellent,Good,0,audit-trail pointer only,Bergamot Polyphenolic Fraction; flavonoid class-poor F; clinical lipid RCTs only,"No exact-form, exact-strain, or reviewed class-equivalence source met the Excellent evidence contract.",,
cod_liver_oil,fermented,14,11,-3,Excellent,Good,0,inline PMID/DOI,TG-class assumed (no human PK); oxidation/rancidity concerns flagged,"No exact-form, exact-strain, or reviewed class-equivalence source met the Excellent evidence contract.",,
coenzymated_complex,coenzymated,14,11,-3,Excellent,Good,0,audit-trail pointer only,coenzymated B-vitamin complex; active forms dephosphorylated pre-absorption,"No exact-form, exact-strain, or reviewed class-equivalence source met the Excellent evidence contract.",,
coenzymated_complex,coenzymated complex (unspecified),14,11,-3,Excellent,Good,0,NONE,unknown,"No exact-form, exact-strain, or reviewed class-equivalence source met the Excellent evidence contract.",,
fish_oil,triglyceride (rTG) form,14,11,-3,Excellent,Good,0,inline PMID/DOI,very high; +24% plasma EPA+DHA rise vs CLO reference (Dyerberg 2010),"No exact-form, exact-strain, or reviewed class-equivalence source met the Excellent evidence contract.",,
immunoglobulin,immunoglobulin (unspecified),14,11,-3,Excellent,Good,0,NONE,unknown,"No exact-form, exact-strain, or reviewed class-equivalence source met the Excellent evidence contract.",,
krill_oil,Neptune Krill Oil (NKO),14,11,-3,Excellent,Good,0,inline PMID/DOI,NKO branded: same PL chemistry; F equivalent to fish-TG (Yurko-Mauro 2015),"No exact-form, exact-strain, or reviewed class-equivalence source met the Excellent evidence contract.",,
krill_oil,Superba Krill (Aker BioMarine),14,11,-3,Excellent,Good,0,inline PMID/DOI,Superba branded: GRAS status ≠ better F; class-equivalent to fish-TG,"No exact-form, exact-strain, or reviewed class-equivalence source met the Excellent evidence contract.",,
lactobacillus_acidophilus,lactobacillus acidophilus la-5,14,11,-3,Excellent,Good,0,NONE,excellent,"No exact-form, exact-strain, or reviewed class-equivalence source met the Excellent evidence contract.",,
lactobacillus_reuteri,lactobacillus reuteri ATCC PTA 5289,14,11,-3,Excellent,Good,0,NONE,excellent,"No exact-form, exact-strain, or reviewed class-equivalence source met the Excellent evidence contract.",,
lactobacillus_reuteri,lactobacillus reuteri rc-14,14,11,-3,Excellent,Good,0,NONE,excellent,"No exact-form, exact-strain, or reviewed class-equivalence source met the Excellent evidence contract.",,
lactobacillus_rhamnosus,lactobacillus rhamnosus gr-1,14,11,-3,Excellent,Good,0,NONE,excellent,"No exact-form, exact-strain, or reviewed class-equivalence source met the Excellent evidence contract.",,
lactobacillus_rhamnosus,lactobacillus rhamnosus hn001,14,11,-3,Excellent,Good,0,NONE,excellent,"No exact-form, exact-strain, or reviewed class-equivalence source met the Excellent evidence contract.",,
probiotics,enteric coated,14,11,-3,Excellent,Good,0,NONE,90%+ survival,"No exact-form, exact-strain, or reviewed class-equivalence source met the Excellent evidence contract.",,
probiotics,spore-based,14,11,-3,Excellent,Good,0,NONE,excellent survival,"No exact-form, exact-strain, or reviewed class-equivalence source met the Excellent evidence contract.",,
slippery_elm,standardized extract (mucilage),14,11,-3,Excellent,Good,0,NONE,category_error (mucosal demulcent; not systemically absorbed),"No exact-form, exact-strain, or reviewed class-equivalence source met the Excellent evidence contract.",,
streptococcus_salivarius,streptococcus salivarius m18,14,11,-3,Excellent,Good,0,NONE,good,"No exact-form, exact-strain, or reviewed class-equivalence source met the Excellent evidence contract.",,
vitamin_b1_thiamine,thiamine tetrahydrofurfuryl disulfide (TTFD),14,11,-3,Excellent,Good,0,inline PMID/DOI,lipophilic; bypasses thiamine transporter; orally < benfotiamine (Greb 1998),"No exact-form, exact-strain, or reviewed class-equivalence source met the Excellent evidence contract.",,
vitamin_c,zinc ascorbate,14,11,-3,Excellent,Good,0,inline PMID/DOI,mineral ascorbate; ascorbate ion F equivalent to ascorbic acid; co-delivers zinc,"No exact-form, exact-strain, or reviewed class-equivalence source met the Excellent evidence contract.",,
vitamin_d,calcidiol (25-hydroxy D3),14,11,-3,Excellent,Good,0,inline PMID/DOI,pre-hydroxylated; raises total 25(OH)D ~1.85x more than equivalent D3 (Shieh 2017),"No exact-form, exact-strain, or reviewed class-equivalence source met the Excellent evidence contract.",,
bacillus_coagulans,bacillus coagulans snz 1969,13,11,-2,Excellent,Good,0,NONE,excellent survival,"No exact-form, exact-strain, or reviewed class-equivalence source met the Excellent evidence contract.",,
bacillus_coagulans,bacillus coagulans unique is-2,13,11,-2,Excellent,Good,0,NONE,excellent survival,"No exact-form, exact-strain, or reviewed class-equivalence source met the Excellent evidence contract.",,
bifidobacterium_bifidum,bifidobacterium bifidum bb-06,13,11,-2,Excellent,Good,0,NONE,high colonization (~80%),"No exact-form, exact-strain, or reviewed class-equivalence source met the Excellent evidence contract.",,
bifidobacterium_bifidum,bifidobacterium bifidum r0071,13,11,-2,Excellent,Good,0,NONE,high colonization (~85%),"No exact-form, exact-strain, or reviewed class-equivalence source met the Excellent evidence contract.",,
bifidobacterium_lactis,bifidobacterium lactis bi-07,13,11,-2,Excellent,Good,0,NONE,very good,"No exact-form, exact-strain, or reviewed class-equivalence source met the Excellent evidence contract.",,
bifidobacterium_lactis,bifidobacterium lactis bl-04,13,11,-2,Excellent,Good,0,NONE,high colonization (~85%),"No exact-form, exact-strain, or reviewed class-equivalence source met the Excellent evidence contract.",,
calamari_oil,calamari oil (unspecified),13,11,-2,Excellent,Good,0,inline PMID/DOI,form unspecified; default to general marine TG/PL class,"No exact-form, exact-strain, or reviewed class-equivalence source met the Excellent evidence contract.",,
calamari_oil,calamari oil triglyceride,13,11,-2,Excellent,Good,0,inline PMID/DOI,calamari TG: DHA-rich squid TG; class-equivalent to fish-TG,"No exact-form, exact-strain, or reviewed class-equivalence source met the Excellent evidence contract.",,
chinese_skullcap,chinese skullcap (unspecified),13,11,-2,Excellent,Good,0,NONE,good (baicalein/baicalin class baseline),"No exact-form, exact-strain, or reviewed class-equivalence source met the Excellent evidence contract.",,
cla,tonalin,13,11,-2,Excellent,Good,0,NONE,excellent (~85%),"No exact-form, exact-strain, or reviewed class-equivalence source met the Excellent evidence contract.",,
cod_liver_oil,virgin/cold-processed,13,11,-2,Excellent,Good,0,inline PMID/DOI,high; TG-class CLO with low oxidation; preserves natural vitamins A/D,"No exact-form, exact-strain, or reviewed class-equivalence source met the Excellent evidence contract.",,
creatine_monohydrate,creatine hydrochloride,13,11,-2,Excellent,Good,0,inline PMID/DOI,"higher solubility, same F; no human PK advantage shown (Jäger 2007)","No exact-form, exact-strain, or reviewed class-equivalence source met the Excellent evidence contract.",,
creatine_monohydrate,creatine magnesium chelate,13,11,-2,Excellent,Good,0,inline PMID/DOI,chelate dissociates; F equivalent to monohydrate,"No exact-form, exact-strain, or reviewed class-equivalence source met the Excellent evidence contract.",,
creatine_monohydrate,creatine nitrate,13,11,-2,Excellent,Good,0,inline PMID/DOI,salt dissociates to creatine ion; F equivalent to monohydrate,"No exact-form, exact-strain, or reviewed class-equivalence source met the Excellent evidence contract.",,
dha,DHA krill phospholipid,13,11,-2,Excellent,Good,0,inline PMID/DOI,high; krill PL with marginal AUC advantage vs DHA-TG at equal dose,"No exact-form, exact-strain, or reviewed class-equivalence source met the Excellent evidence contract.",,
epa,EPA krill phospholipid,13,11,-2,Excellent,Good,0,inline PMID/DOI,high; krill PL with marginal AUC advantage vs EPA-TG at equal dose,"No exact-form, exact-strain, or reviewed class-equivalence source met the Excellent evidence contract.",,
fish_oil,emulsified,13,11,-2,Excellent,Good,0,NONE,very_good (emulsified premium; bypasses lipase needs),"No exact-form, exact-strain, or reviewed class-equivalence source met the Excellent evidence contract.",,
fish_oil,fish oil phospholipid,13,11,-2,Excellent,Good,0,inline PMID/DOI,high; phospholipid-bound omega-3 with marginal AUC advantage vs TG (Schuchardt 2011),"No exact-form, exact-strain, or reviewed class-equivalence source met the Excellent evidence contract.",,
hemp_seed_oil,cold-pressed organic,13,11,-2,Excellent,Good,0,inline PMID/DOI,TG hydrolysis by lipase; LA/GLA/ALA F ~80-95% with fat,"No exact-form, exact-strain, or reviewed class-equivalence source met the Excellent evidence contract.",,
herring_roe_extract,herring roe extract,13,11,-2,Excellent,Good,0,NONE,Excellent phospholipid-bound omega-3 absorption. DHA/EPA in phospholipid form shows superior bioavailability compared to triglyceride fish oil. 40-60% higher plasma incorporation.,"No exact-form, exact-strain, or reviewed class-equivalence source met the Excellent evidence contract.",,
herring_roe_extract,herring roe extract (unspecified),13,11,-2,Excellent,Good,0,NONE,unknown,"No exact-form, exact-strain, or reviewed class-equivalence source met the Excellent evidence contract.",,
lactobacillus_acidophilus,lactobacillus acidophilus dds-1,13,11,-2,Excellent,Good,0,inline PMID/DOI,good colonization (~80%),"No exact-form, exact-strain, or reviewed class-equivalence source met the Excellent evidence contract.",,
lactobacillus_casei,lactobacillus casei lc-11,13,11,-2,Excellent,Good,0,NONE,high colonization (~80%),"No exact-form, exact-strain, or reviewed class-equivalence source met the Excellent evidence contract.",,
lactobacillus_casei,lactobacillus casei shirota,13,11,-2,Excellent,Good,0,NONE,high colonization (~85%),"No exact-form, exact-strain, or reviewed class-equivalence source met the Excellent evidence contract.",,
lactobacillus_paracasei,lactobacillus paracasei l.casei 431,13,11,-2,Excellent,Good,0,NONE,very good,"No exact-form, exact-strain, or reviewed class-equivalence source met the Excellent evidence contract.",,
lactobacillus_paracasei,lactobacillus paracasei lpc-37,13,11,-2,Excellent,Good,0,NONE,high colonization (~85%),"No exact-form, exact-strain, or reviewed class-equivalence source met the Excellent evidence contract.",,
lactobacillus_plantarum,lactobacillus plantarum dr7,13,11,-2,Excellent,Good,0,NONE,high colonization (~85%),"No exact-form, exact-strain, or reviewed class-equivalence source met the Excellent evidence contract.",,
maca,gelatinized maca,13,11,-2,Excellent,Good,0,NONE,"good (~60-75%; gelatinization removes starch, concentrating bioactives and improving digestibility)","No exact-form, exact-strain, or reviewed class-equivalence source met the Excellent evidence contract.",,
manuka_honey,umf 10+ / mgo 263+,13,11,-2,Excellent,Good,0,inline PMID/DOI,manuka MGO acts locally (oral/GI/wound); grade ≠ F,"No exact-form, exact-strain, or reviewed class-equivalence source met the Excellent evidence contract.",,
organ_extracts,grass-fed desiccated,13,11,-2,Excellent,Good,0,inline PMID/DOI,"composite food; per-nutrient F (heme Fe ~25%, B12 ~50%); score = nutrient density","No exact-form, exact-strain, or reviewed class-equivalence source met the Excellent evidence contract.",,
prebiotics,human milk oligosaccharides (HMO),13,11,-2,Excellent,Good,0,NONE,excellent fermentation,"No exact-form, exact-strain, or reviewed class-equivalence source met the Excellent evidence contract.",,
probiotics,liposomal probiotics,13,11,-2,Excellent,Good,0,NONE,enhanced,"No exact-form, exact-strain, or reviewed class-equivalence source met the Excellent evidence contract.",,
quercetin,isoquercetin (EMIQ),13,11,-2,Excellent,Good,0,audit-trail pointer only,EMIQ enzymatically-modified isoquercitrin; SGLT1-mediated; genuinely better F than rutin,"No exact-form, exact-strain, or reviewed class-equivalence source met the Excellent evidence contract.",,
sea_buckthorn,sea buckthorn seed oil,13,11,-2,Excellent,Good,0,inline PMID/DOI,ALA/LA TG class; ~70-90% F with dietary fat,"No exact-form, exact-strain, or reviewed class-equivalence source met the Excellent evidence contract.",,
sulforaphane,stabilized sulforaphane,13,11,-2,Excellent,Good,0,inline PMID/DOI,good-to-excellent (~60-80% urinary excretion of metabolites),"No exact-form, exact-strain, or reviewed class-equivalence source met the Excellent evidence contract.",,
taurine,magnesium taurate (as taurine source),13,11,-2,Excellent,Good,0,NONE,excellent,"No exact-form, exact-strain, or reviewed class-equivalence source met the Excellent evidence contract.",,
tmg_betaine,liposomal tmg,13,11,-2,Excellent,Good,0,NONE,excellent (TMG already has near-complete oral bioavailability; liposomal adds no demonstrated benefit),"No exact-form, exact-strain, or reviewed class-equivalence source met the Excellent evidence contract.",,
vitamin_b9_folate,metafolin,13,11,-2,Excellent,Good,0,inline PMID/DOI,calcium salt of L-5-MTHF; AUC ~2× folic acid in humans,"No exact-form, exact-strain, or reviewed class-equivalence source met the Excellent evidence contract.",,
vitamin_b9_folate,quatrefolic,13,11,-2,Excellent,Good,0,inline PMID/DOI,glucosamine salt of (6S)-5-MTHF; superior PK shown in rats only,"No exact-form, exact-strain, or reviewed class-equivalence source met the Excellent evidence contract.",,
vitamin_c,magnesium ascorbate,13,11,-2,Excellent,Good,0,NONE,78%,"No exact-form, exact-strain, or reviewed class-equivalence source met the Excellent evidence contract.",,
algae_oil,algae oil (unspecified),12,11,-1,Excellent,Good,0,NONE,very_good (algal omega-3 class baseline),"No exact-form, exact-strain, or reviewed class-equivalence source met the Excellent evidence contract.",,
astaxanthin,synthetic astaxanthin,12,11,-1,Excellent,Good,0,inline PMID/DOI,variable; equivalent F to natural form when fat-matrixed (no human head-to-head PK),"No exact-form, exact-strain, or reviewed class-equivalence source met the Excellent evidence contract.",,
bacillus_clausii,bacillus clausii (unspecified),12,11,-1,Excellent,Good,0,audit-trail pointer only,good spore survivability; strain not specified,"No exact-form, exact-strain, or reviewed class-equivalence source met the Excellent evidence contract.",,
bacillus_indicus,bacillus indicus (unspecified),12,11,-1,Excellent,Good,0,NONE,very good,"No exact-form, exact-strain, or reviewed class-equivalence source met the Excellent evidence contract.",,
bifidobacterium_lactis,bifidobacterium animalis subsp. lactis,12,11,-1,Excellent,Good,0,NONE,very good,"No exact-form, exact-strain, or reviewed class-equivalence source met the Excellent evidence contract.",,
bifidobacterium_longum,bifidobacterium longum infantis m-63,12,11,-1,Excellent,Good,0,inline PMID/DOI,live organism; infant gut colonization demonstrated,"No exact-form, exact-strain, or reviewed class-equivalence source met the Excellent evidence contract.",,
bifidobacterium_longum,bifidobacterium longum subsp. infantis,12,11,-1,Excellent,Good,0,NONE,very good,"No exact-form, exact-strain, or reviewed class-equivalence source met the Excellent evidence contract.",,
bioflavonoids,hesperidin-rich,12,11,-1,Excellent,Good,0,inline PMID/DOI,hesperidin urinary recovery 4.1-7.9% in humans (Manach 2003),"No exact-form, exact-strain, or reviewed class-equivalence source met the Excellent evidence contract.",,
black_cohosh,black cohosh standardized extract,12,11,-1,Excellent,Good,0,NONE,low (triterpene standardized; PD-not-PK Crominex pattern),"No exact-form, exact-strain, or reviewed class-equivalence source met the Excellent evidence contract.",,
black_seed_oil,cold-pressed black seed oil,12,11,-1,Excellent,Good,0,inline PMID/DOI,cold-pressed; lipid matrix may aid slightly; class-poor TQ F,"No exact-form, exact-strain, or reviewed class-equivalence source met the Excellent evidence contract.",,
ceramides,phytoceramides (plant),12,11,-1,Excellent,Good,0,inline PMID/DOI,low (<5%); intact ceramide hydrolyzed to sphingoid bases pre-absorption,"No exact-form, exact-strain, or reviewed class-equivalence source met the Excellent evidence contract.",,
citrus_bergamot,bergamot (unspecified),12,11,-1,Excellent,Good,0,NONE,low (citrus flavonoid class-poor),"No exact-form, exact-strain, or reviewed class-equivalence source met the Excellent evidence contract.",,
citrus_bergamot,bergamot standardized extract,12,11,-1,Excellent,Good,0,audit-trail pointer only,standardized bergamot flavonoids; class-poor F per Batch 19,"No exact-form, exact-strain, or reviewed class-equivalence source met the Excellent evidence contract.",,
creatine_monohydrate,dicreatine malate,12,11,-1,Excellent,Good,0,inline PMID/DOI,no human PK; theoretical F equivalent via salt dissociation,"No exact-form, exact-strain, or reviewed class-equivalence source met the Excellent evidence contract.",,
digestive_enzymes,enteric-coated enzymes,12,11,-1,Excellent,Good,0,NONE,category_error (local action; activity-units metric),"No exact-form, exact-strain, or reviewed class-equivalence source met the Excellent evidence contract.",,
ergothioneine,l-ergothioneine,12,11,-1,Excellent,Good,0,NONE,high (active OCTN1-mediated uptake; low urinary excretion; no formal bioavailability measurement),"No exact-form, exact-strain, or reviewed class-equivalence source met the Excellent evidence contract.",,
fenugreek,fenugreek standardized extract,12,11,-1,Excellent,Good,0,inline PMID/DOI,concentrated saponins still poor F (~1-5%); deglycosylation in gut needed,"No exact-form, exact-strain, or reviewed class-equivalence source met the Excellent evidence contract.",,
fenugreek,testosurge extract,12,11,-1,Excellent,Good,0,inline PMID/DOI,branded saponin extract; no PK data; class F ~1-5%,"No exact-form, exact-strain, or reviewed class-equivalence source met the Excellent evidence contract.",,
garlic,aged garlic extract,12,11,-1,Excellent,Good,0,inline PMID/DOI,very good (~70–80%),"No exact-form, exact-strain, or reviewed class-equivalence source met the Excellent evidence contract.",,
hemp_seed_oil,cold-pressed,12,11,-1,Excellent,Good,0,inline PMID/DOI,same TG profile as organic; F equivalent ~80-95%,"No exact-form, exact-strain, or reviewed class-equivalence source met the Excellent evidence contract.",,
lactobacillus_acidophilus,lactobacillus acidophilus (unspecified),12,11,-1,Excellent,Good,0,NONE,low (live organism class; B18 framework),"No exact-form, exact-strain, or reviewed class-equivalence source met the Excellent evidence contract.",,
lactobacillus_acidophilus,lactobacillus acidophilus la-02,12,11,-1,Excellent,Good,0,NONE,very good,"No exact-form, exact-strain, or reviewed class-equivalence source met the Excellent evidence contract.",,
lactobacillus_helveticus,lactobacillus helveticus (unspecified),12,11,-1,Excellent,Good,0,NONE,good,"No exact-form, exact-strain, or reviewed class-equivalence source met the Excellent evidence contract.",,
lactobacillus_rhamnosus,lactobacillus rhamnosus lr-04,12,11,-1,Excellent,Good,0,NONE,very good,"No exact-form, exact-strain, or reviewed class-equivalence source met the Excellent evidence contract.",,
magnesium,magnesium citrate-malate,12,11,-1,Excellent,Good,0,inline PMID/DOI,"mixed citrate-malate salt; likely good, evidence thinner than citrate alone","No exact-form, exact-strain, or reviewed class-equivalence source met the Excellent evidence contract.",,
molybdenum,molybdenum picolinate,12,11,-1,Excellent,Good,0,inline PMID/DOI,"no dedicated PK; class F 88-93%, picolinate offers no Mo advantage","No exact-form, exact-strain, or reviewed class-equivalence source met the Excellent evidence contract.",,
mullein,standardized mullein (verbascoside),12,11,-1,Excellent,Good,0,inline PMID/DOI,low (verbascoside P-gp/BCRP/MRP2 efflux substrate),"No exact-form, exact-strain, or reviewed class-equivalence source met the Excellent evidence contract.",,
nad_precursors,nicotinamide riboside (NR),12,11,-1,Excellent,Good,0,inline PMID/DOI,moderate-good (effectively doubles NAD+; most converted to NA by gut microbiota),"No exact-form, exact-strain, or reviewed class-equivalence source met the Excellent evidence contract.",,
nmn,beta-nicotinamide mononucleotide,12,11,-1,Excellent,Good,0,NONE,Variable,"No exact-form, exact-strain, or reviewed class-equivalence source met the Excellent evidence contract.",,
nmn,nicotinamide mononucleotide (unspecified),12,11,-1,Excellent,Good,0,NONE,unknown,"No exact-form, exact-strain, or reviewed class-equivalence source met the Excellent evidence contract.",,
oregano,oregano (unspecified),12,11,-1,Excellent,Good,0,NONE,good (carvacrol + thymol class baseline),"No exact-form, exact-strain, or reviewed class-equivalence source met the Excellent evidence contract.",,
organ_extracts,freeze-dried,12,11,-1,Excellent,Good,0,inline PMID/DOI,composite food; lyophilization preserves heat-sensitive nutrients vs heat drying,"No exact-form, exact-strain, or reviewed class-equivalence source met the Excellent evidence contract.",,
paba,paba (para-aminobenzoic acid) (unspecified),12,11,-1,Excellent,Good,0,NONE,unknown,"No exact-form, exact-strain, or reviewed class-equivalence source met the Excellent evidence contract.",,
phosphatidylserine,bovine phosphatidylserine,12,11,-1,Excellent,Good,0,NONE,good to excellent (well-absorbed; crosses BBB),"No exact-form, exact-strain, or reviewed class-equivalence source met the Excellent evidence contract.",,
phosphatidylserine,liposomal phosphatidylserine,12,11,-1,Excellent,Good,0,NONE,good to excellent — no PK study showing liposomal advantage for PS,"No exact-form, exact-strain, or reviewed class-equivalence source met the Excellent evidence contract.",,
phosphatidylserine,sharp-ps gold (PS-DHA conjugate),12,11,-1,Excellent,Good,0,audit-trail pointer only,PS-DHA conjugate; DHA carrier may aid lipid absorption; PS still hydrolyzed,"No exact-form, exact-strain, or reviewed class-equivalence source met the Excellent evidence contract.",,
prebiotics,fructooligosaccharides (FOS),12,11,-1,Excellent,Good,0,NONE,excellent fermentation,"No exact-form, exact-strain, or reviewed class-equivalence source met the Excellent evidence contract.",,
prebiotics,galactooligosaccharides (GOS),12,11,-1,Excellent,Good,0,NONE,excellent fermentation,"No exact-form, exact-strain, or reviewed class-equivalence source met the Excellent evidence contract.",,
probiotics,freeze-dried with prebiotics,12,11,-1,Excellent,Good,0,NONE,good,"No exact-form, exact-strain, or reviewed class-equivalence source met the Excellent evidence contract.",,
probiotics,liquid probiotics,12,11,-1,Excellent,Good,0,NONE,good (rapid uptake),"No exact-form, exact-strain, or reviewed class-equivalence source met the Excellent evidence contract.",,
sea_buckthorn,sea buckthorn berry oil,12,11,-1,Excellent,Good,0,inline PMID/DOI,palmitoleic-rich oil; plasma 16:1n-7 unchanged at 5g/d (Johansson 2000),"No exact-form, exact-strain, or reviewed class-equivalence source met the Excellent evidence contract.",,
selenium,selenocysteine,12,11,-1,Excellent,Good,0,inline PMID/DOI,"organic Se; high F, channels into selenoprotein synthesis","No exact-form, exact-strain, or reviewed class-equivalence source met the Excellent evidence contract.",,
shilajit,purified shilajit extract,12,11,-1,Excellent,Good,0,inline PMID/DOI,purified extract; class-equivalent to PrimaVie; no human PK,"No exact-form, exact-strain, or reviewed class-equivalence source met the Excellent evidence contract.",,
silk_amino_acids,silk peptides,12,11,-1,Excellent,Good,0,inline PMID/DOI,"high (~95% as amino acids); ""peptide"" marketing — no human PK advantage vs hydrolysate","No exact-form, exact-strain, or reviewed class-equivalence source met the Excellent evidence contract.",,
slippery_elm,inner bark powder,12,11,-1,Excellent,Good,0,NONE,category_error (mucilage demulcent; not systemic),"No exact-form, exact-strain, or reviewed class-equivalence source met the Excellent evidence contract.",,
taurine,liposomal taurine,12,11,-1,Excellent,Good,0,NONE,very good,"No exact-form, exact-strain, or reviewed class-equivalence source met the Excellent evidence contract.",,
tuna_oil,tuna oil triglyceride,12,11,-1,Excellent,Good,0,inline PMID/DOI,tuna TG: same fish-TG class chemistry; species variant only,"No exact-form, exact-strain, or reviewed class-equivalence source met the Excellent evidence contract.",,
vitamin_a,liposomal vitamin A,12,11,-1,Excellent,Good,0,NONE,very high (mechanistic); efficient enterocyte uptake via lipid bilayer,"No exact-form, exact-strain, or reviewed class-equivalence source met the Excellent evidence contract.",,
vitamin_a,micellized vitamin A,12,11,-1,Excellent,Good,0,NONE,"very high; micellar dispersion bypasses fat-dependence, ~70-90% absorption efficiency","No exact-form, exact-strain, or reviewed class-equivalence source met the Excellent evidence contract.",,
vitamin_b12_cobalamin,methylcobalamin sublingual,12,11,-1,Excellent,Good,0,inline PMID/DOI,sublingual; bypasses IF — ~10-40% absorbed at 1000 mcg via oral mucosa,"No exact-form, exact-strain, or reviewed class-equivalence source met the Excellent evidence contract.",,
vitamin_b5_pantothenic,calcium pantothenate,12,11,-1,Excellent,Good,0,inline PMID/DOI,saturable SMVT transport; F ~40-60% at supplement doses,"No exact-form, exact-strain, or reviewed class-equivalence source met the Excellent evidence contract.",,
vitamin_b9_folate,calcium folinate,12,11,-1,Excellent,Good,0,inline PMID/DOI,reduced folate; bypasses DHFR; F similar to 5-MTHF,"No exact-form, exact-strain, or reviewed class-equivalence source met the Excellent evidence contract.",,
vitamin_c,vitamin C with bioflavonoids,12,11,-1,Excellent,Good,0,NONE,75%,"No exact-form, exact-strain, or reviewed class-equivalence source met the Excellent evidence contract.",,
vitamin_d,liposomal D3,12,11,-1,Excellent,Good,0,NONE,liposomal carrier; claims of enhanced uptake — limited human PK data,"No exact-form, exact-strain, or reviewed class-equivalence source met the Excellent evidence contract.",,
vitamin_d,micellized D3,12,11,-1,Excellent,Good,0,inline PMID/DOI,micellar emulsion; modest improvement over standard D3 in low-fat conditions,"No exact-form, exact-strain, or reviewed class-equivalence source met the Excellent evidence contract.",,
